path	sha256
.agents/skills/.openspec-target	243b0dc9b847e66c440dca985e10fe0ce9e29c379b018ddd5747ba8948f84cc8
.agents/skills/openspec-apply-change/SKILL.md	6a0268b61f270e6644dde8e763db495e59444619239140313445fb35f43055c0
.agents/skills/openspec-archive-change/SKILL.md	e42ada70c50762ace39c92980eedb511a70c9d9afc5b27416364b474fcf783a6
.agents/skills/openspec-explore/SKILL.md	fc957752fd96975165c3b21ebdb705d8617128039c092ffa853e276b36089b35
.agents/skills/openspec-propose/SKILL.md	89b4c1fee49fc94a59f0801376311544500fd3ff94da8c1b18578a5cf5172c6b
.agents/skills/openspec-sync-specs/SKILL.md	a06d2e32724cd78e9d470c84e7e1d5203dcd6c3373528b19975949fd9f2f75e5
.agents/skills/openspec-update-change/SKILL.md	6c882233107b51401cc29049b42bff8731d3ed85b20f48cf64d35d81fe9166d5
.agents/skills/openspec-verify-change/SKILL.md	0c84780cac2a4f258efaeaf1c5c628925e5e0f699dbedff47601c12976ff2593
.gitignore	e2250b81027c7856a126ffe9b3eed484ad5e622bfe9a0d4ec49ff07cc6610c5c
docs/architecture.md	706ab8450fe3783625ea1d3005ca96fcc5b875de07e30a919eef8cdf36806b34
docs/development.md	1b3a312fd4decc5df392e354346a043b5593b00844b871c2e1fbd0c026ff2eb7
docs/document-format.md	df935827f8eb45d7b757682d08bfc93999d9eb2d7320af60dc847a9680fc0852
docs/evidence.md	a50e577cae5bd3eaf2c5545afad8612a94b572a7f85fb79c87ce709654beafe5
docs/routing.md	76e3f07a657e405c5763b762945d234eab1dac09c7f56740d5b8c0be48f8ac45
docs/segment-editing.md	24d1e1f00aaf512a2b84ebdd959b8b3fe2b594b0f418c51bb43925bd0f52e7d6
docs/segment-test-matrix.md	86e2b30a7b88ff9d199416ffb199b239eed3d37adafc9316b2301a66a37f7b82
docs/testing.md	7192fe6135aadf382b0fc2e863992e4ab08ec8cc261671ab99007a0bc62ffa7a
docs/traceability.md	e0989677d6714a7f76666628805f76a27291b2b09bcd5654db08c52b3e74a4d9
docs/verification-report.md	20499857ccd77e43c18b8e5473dbfb9f89131b3377e576d322e9448b84bbbfba
docs/x6-segments-spike.md	9ace80048e74be4b47ffa1ebe04c9ecf3a5b1b19cd3d3a761ad866e1b008ba43
index.html	51d617544bb72f8a1b37ee34d8e9a28c0ce22f3b19dfbdbeeb934a5b7bd0e365
openspec/changes/archive/.gitkeep	e3b0c44298fc1c149afbf4c8996fb92427ae41e4649b934ca495991b7852b855
openspec/changes/archive/2026-09-22-build-standalone-frade-designer/.openspec.yaml	af129b9ee15d74d62153581b8fddf3076a708f08915261aabfb9e78ea334de0f
openspec/changes/archive/2026-09-22-build-standalone-frade-designer/design.md	488e8e1e4d464466906c519d5ad5c2af39be43bd75defaf0b66d4e104ef16291
openspec/changes/archive/2026-09-22-build-standalone-frade-designer/proposal.md	17c87f5c4b8f09803a43a09f2c35350c676b086011922c072e8a26dc7d5414b1
openspec/changes/archive/2026-09-22-build-standalone-frade-designer/specs/diagram-visual-verification/spec.md	9d88244709733f50dbc613c691604e79d5d51873c89f823033035367601338d9
openspec/changes/archive/2026-09-22-build-standalone-frade-designer/specs/drawio-segment-editing/spec.md	24b61cf3d2178fc7013ca19906a06c0b4f8dd4f9e9503ac434bd2c5eee7df9af
openspec/changes/archive/2026-09-22-build-standalone-frade-designer/specs/floating-manhattan-connections/spec.md	4c808da9d6b9e31e1c4a5e0ca8402df74b60f519b881810cb7503bca433eb4f3
openspec/changes/archive/2026-09-22-build-standalone-frade-designer/specs/standalone-diagram-editor/spec.md	2b73d50c92abbad7340fb0c836fce9d48c053e6ff5f43bac7bb428f21bddd3fa
openspec/changes/archive/2026-09-22-build-standalone-frade-designer/tasks.md	071a6521d4c16687800b5f992c1b3bd0e17cc791d404e5db3de30525aede0a92
openspec/config.yaml	2a791b0ccc50e2c2ebbb3ba28692a4ad0e4b6ab94ed2151375ac404d7056e89a
openspec/specs/.gitkeep	e3b0c44298fc1c149afbf4c8996fb92427ae41e4649b934ca495991b7852b855
openspec/specs/diagram-visual-verification/spec.md	af090c60c0309ffe74a9509db5d6f18586f8c990df16f3cedb5af6fd764ecf9e
openspec/specs/drawio-segment-editing/spec.md	8278bed8579f4ebbba142b84c248f43ebf6568a0f9d9047c40aebdedb3e66a03
openspec/specs/floating-manhattan-connections/spec.md	82ce4be833fc6254667de86fd6a294a70e55ebb2503cc91f94d4042ccee73593
openspec/specs/standalone-diagram-editor/spec.md	7fe4cc92c30e1768beaa99ebb331917df2c4424c9109397248e4a500530e1af2
package-lock.json	a1aa5071a4bea995dc452c4fa4805ce928002ec6a3c3bc4109f1312bd4566503
package.json	85a586594bdd39cb1fb33489c82909fbdeaacaa19ae373fd35608b62ddabace5
playwright.config.ts	802058dfab2abadbb44ad025bd6d54d61ed6c2489baa69cb09cffd0e16666ef9
README.md	dd88579426de66dcb0e19aad5898a65aae5b3910439a543091fb8a4d89d0464e
spike.html	5ead91811cdb39ed677034701d89b04c17cb1139535caed7c4fd569c20b12697
src/connections/connectionStateMachine.ts	6c934baeba4edc367c5a8781b909f081805e2e7be04c42ad0d44b4a744706389
src/connections/connectionTool.ts	daeb01325e99808574e6b9889d5e342dffd1d601fca1edb479bf8f618e8540af
src/connections/previewRoute.ts	bbcdd0a5c1adff1f0eb7ba14a1f6ff8f7baec0f9330fe2ad91ee61afcdd34481
src/document/fileAdapter.ts	e55641d2823d22f6c74d2ab0d9fdf87dc03af41cb7abff9cdbf79d52c7f5279b
src/document/graphAdapter.ts	e89983d516e2850dd0b9cf26a67cd1ec07eae8487dcfbe5a4c092d1530c313db
src/document/schema.ts	2e0e3d391e900e81e911afad426c4df2d81deca6145566ac4a449dd4902929d7
src/document/serialize.ts	1abde2b7bd8d9872d25b8b993eca48a948be3fa98b1ea4e70886953f923adb2f
src/editor/createGraph.ts	1c5b16300b1c0cdc60a95132d4737cf82f769d5eef0b6c37bb915275228c0e6f
src/editor/DiagramEditor.tsx	8d7e9c90c0b24f620996766069e63d5364e5a51b45f107c0804045760a57de22
src/geometry/normalizeRoute.ts	aba87e5adf2752a286272ee928887efbb1b0f49a38e5ec72cb1c81fbaea14c34
src/geometry/routeSnapshot.ts	e87e7aa4c52d6451d29c93f7dca9869c2a49176759f6f4d06c9ead063344fc02
src/geometry/validateManhattanRoute.ts	a8bb8f8b0ace3207378e08e566ad5a4995b4d62f8fc019c6952b9dd4d5fdc03b
src/main.tsx	457b5827a10973621c47666720da2d77fa94de2b4960ffb9d759a5aa6fc9f81e
src/routing/floatingAttachment.ts	7911854f8ea4fc68251d0fe7f3afc07b37f384f9c8d14a2712e6331dbd4b6e12
src/routing/floatingRoute.ts	1d4341370b3091ba8963154c754fa1e087cc1d423ad4264a495d6fa3941df1e6
src/routing/manhattanRoute.ts	106db35cf8a8117198cc6fed76b623e79810b57c182a5c2ea7f76d74e8c9880c
src/routing/movingRectangleRoute.ts	12c3387c23fd8b60c0237a53858e3cb8cf65d414a461c4a04847758e25b82996
src/routing/terminalPolicy.ts	c6801dcd9417d7ef10b86399e72f777c3bf5e73de857c44589bdcffbe96500df
src/routing/x6RoutingAdapter.ts	5e707b83fd30c859e4887aff13d86760f9fe01fda4c5e11bb4a6e2d90d4680fc
src/segment-editing/dragSession.ts	2d3a03306acbef21bfb1ea870d5b32858b3df0d1f3c4853ce0a0a951c87f72b5
src/segment-editing/floatingSegments.ts	a4716a6cc6b6766d15a1a399f3083240be3da646490772997a4216b7c7fd9360
src/segment-editing/resolveSegmentDrag.ts	e14e76e857330727e3a4677adc0daa29a8b61a6d00a088c1f55eaff12d2afee2
src/segment-editing/segmentDragController.ts	aa1787d09d638aaeda4215ec7b84912fbfd86217550ee095e869fb959a855b86
src/segment-editing/segments.ts	37bec8bcaf59b5b36a7ea40e19b434064b15b5033691bf1013c1bfb5bcf4227b
src/segment-editing/x6Adapter.ts	250bf6926aad3e48cfbff57a1d6d4394263624a5cc25af4694af238897a90b31
src/spike.ts	3a2c4ada31dcaa4c5128bea0823dfb44487a499bcbd41cf546a7276ab9743de7
src/style.css	042fccd928d286d97df74df1350e0928300a669075f45744cf7b049d7208bf52
src/visual-entry.ts	6abd4f300acdbf61182a74e472b1ae8f77df1c075488a54b5cd2cd929cc27157
src/visual/api.ts	92de918e1d02d81ac64db7656f07ae8fbad6b26eacd4a2a8b041c42a49471e11
tests/features/connection-preview.feature	fb7c9f00cec8598b1baba721058b6f0d4594729192f7110972ce00bb30f7d92f
tests/features/diagram-lifecycle.feature	3d041a4dd11e43a670093d627659014ab755f4ee7be6d29b219e06cddaf05c65
tests/features/floating-attachment.feature	33ac5aa37810cafc25ce65f49c928c1dcc032ea2d38c2cd83d02f4c10859ee08
tests/features/segment-editing.feature	86ea6e7df0fbbda957af036c80b09cca5a53c47d0189703d39d781e993f2f64e
tests/fixtures/legacy-manual-vertices.json	cce8ce578ddc68aa137f9cca6fe3aaa90070c622f879fd392dcc1f42b6dfc359
tests/fixtures/obstacle-between.json	5aba16ab1ef1f19d1d41684a59bb8930ae8b574314b791b96d16c6cb5a63eff4
tests/fixtures/straight-floating.json	0f7ed5f6b068b0b637bf0ae157100c096c40368fe841e2f0244f84348e97f627
tests/setup.ts	882c1c14b0431901161e9d4523d38844783957f3305302ea7e7ace5c0369f9de
tests/spike/floating-cross-terminal.spec.ts	7ed9ee50483b2d5a8fc117b31be3b8719f6f05238c1dc0cb97c5762e218d8712
tests/spike/floating-horizontal-entry.spec.ts	831e010e8f444cb2bca3538d900f9c17370dc2805f72bf621a3e4df1a4eed965
tests/spike/floating-magnet-click.spec.ts	fc9292e9b085268f60f40b5f63e8d53bb29e57d4e80fb597d4ee3c6785c33ef8
tests/spike/floating-orbit.spec.ts	d4830cc5475bc3d5ed926a7f0535a8fa2761f7268921d3a8c1a64dc60910f73c
tests/spike/floating-placement.spec.ts	5e38af073f0f61357db1f1bc68f98697dc4488b2caeca5ac5c0f0bdc3ed891a3
tests/spike/floating-symmetry.spec.ts	0ff8f3687f433341116928131a77d5f358a006fe161cc69e6b90f6fe32be563d
tests/spike/floating-top-entry.spec.ts	8aee112459bd05e80fffe7c333b13d9522b503004aaa467d135d9fb310a98fee
tests/spike/palette-placement.spec.ts	892130254e4e31def7515e977fb57b906c8a4735eae29b0b2b403d24cd028efb
tests/spike/production-visual.spec.ts	81833bfe92674da273e58d684eb72511650b1746e4875f8154a62ad3469c1650
tests/spike/production-visual.spec.ts-snapshots/SEG-VIS-001-selected-edge-win32.png	5ca98cf0f3cb89a020372c6d5f18dfb9634823ed03b022aeb73ca6cb47d7670b
tests/spike/production-visual.spec.ts-snapshots/SEG-VIS-002-horizontal-hover-win32.png	5ca98cf0f3cb89a020372c6d5f18dfb9634823ed03b022aeb73ca6cb47d7670b
tests/spike/production-visual.spec.ts-snapshots/SEG-VIS-003-vertical-hover-win32.png	728f00f88120a8b65a6f30a995017435aeb1b8bfee2f548dc964de79cee8861c
tests/spike/production-visual.spec.ts-snapshots/SEG-VIS-004-horizontal-drag-win32.png	6ab0951fad246ee783127cd4c68e6ef0079a2fabf5f74c063827d66b95af855f
tests/spike/production-visual.spec.ts-snapshots/SEG-VIS-005-vertical-drag-win32.png	4c8c8b62d6427f8708bde0e3dc674167defac3b9b34ad8852cc5e330530dde39
tests/spike/production-visual.spec.ts-snapshots/SEG-VIS-006-straight-to-detour-win32.png	92231a96a423947604f84d98d4e878315e134d73af66c7b38802a761a19c25a9
tests/spike/production-visual.spec.ts-snapshots/SEG-VIS-007-near-source-win32.png	d3a528fd564e0d6da5d1840057329e13421b7f9e92b9738d2e41715b2d033d8a
tests/spike/production-visual.spec.ts-snapshots/SEG-VIS-008-obstacle-win32.png	c0cd4b55e16a08c66fb5980becf4b13eb4dadaf64728c2032b5d9d08b9506df9
tests/spike/production-visual.spec.ts-snapshots/SEG-VIS-009-after-drop-win32.png	6ab0951fad246ee783127cd4c68e6ef0079a2fabf5f74c063827d66b95af855f
tests/spike/production-visual.spec.ts-snapshots/SEG-VIS-010-legacy-edge-win32.png	8ad2dedb2845eca17bff24dd994dd7d2d59d336f8f90c8903ec66d4830e3bce4
tests/spike/support/symmetry.ts	dc6c990cd5766acf6818c4dc263354e2a29e68778f427f09a88d06dd838e3650
tests/spike/x6-segments.spec.ts	b75bdc663ff740682a1b0673129ad6267459aa9e98cd850a710135c8d9bc246f
tests/unit/bdd-mapping.test.ts	08460f2d80b866bcdd27b96f5b3621a3f34197e51ca50e9de0b9441b9dfb6f13
tests/unit/connection-state-machine.test.ts	425be55a89d66512398741e99b99cf3baab040678d1d0b4c9f444daa6c00d5ac
tests/unit/connection-tool.test.ts	ee18e2bc8d8a7e7489330467f655497d1c852653b57a2bba8bac5eaaf8638647
tests/unit/create-graph.test.ts	1686aafa4afa5cbf6e920912b4f10eca98045b88304712d59a1de0129c945e92
tests/unit/diagram-editor-lifecycle.test.tsx	d47975c5cc3ab26a30cede172c34d8ec84bbc8d85f6d0a302e9ba90df4f92a60
tests/unit/document-schema.test.ts	df0a43e5e2dfd9a78bcf7e33f8e642b0c9e672fbcc7f836352f5c5e440aed2ae
tests/unit/file-adapter.test.ts	c46ca4630ad4649c9f8861be4b2f0d05832cb0fdf4e4998db5069370349a0ed2
tests/unit/floating-attachment-contract.test.ts	d39f152345b51ed997ac35f65792c8efaca0b6f65f2199aae0aa3a262e0540f0
tests/unit/floating-attachment.test.ts	28e11ae9aa96253cb6ab4fd32cd21b8b0d6e1c831d2a1f23f7c06c53e88acdcb
tests/unit/floating-route.test.ts	caf6cede7e28d4251e07f5dc7d5d3961425b348558387c638b3dd60c3749e891
tests/unit/floating-routing-adapter.test.ts	ebf338067178b9535bfd299f2e4d0452e90d67ea7e42287bc34dbfe4c0c0ff28
tests/unit/graph-adapter.test.ts	252b537aa1d4e8b19b37c79a3619c40b5989420293a40bdeec5cba25f3f67130
tests/unit/manhattan-route.test.ts	afd8618d94598ed79cdb39163ea11fec0bed5d36094604a6ab9d9b1859c39f72
tests/unit/moving-rectangle-route.test.ts	491b59f57f5819dcf03ccaa29ad678fef9c147e3bf07481f950b05bdc5d5b6f6
tests/unit/preview-route.test.ts	6f1cc8a479b3d13c955ed009d1f27fd3b3800250e48bf5c2666c985aa0b13e76
tests/unit/route-normalization.test.ts	8733800d0735040306d202130a4abcc665d8112b121045c15082802a93ecb5a6
tests/unit/route-snapshot.test.ts	c03acde5f78226ece376e3f17ec7c4b0a59b9969e09ed6914cce65c6b4581fa7
tests/unit/route-validation.test.ts	a5c1e4eb704bdb27b059b59b5b151b6833de4779854b9cdf7138b34c08456d47
tests/unit/segment-adapter.test.ts	e62965a380ee38b576dabbeca6058deb9031dbc6e1745fc20b4da411beb8c4f5
tests/unit/segment-drag-controller.test.ts	86a8fde7d4b31d4dd23c8f1ee5fe92ded464fd9935d594fd8f754ab309ddea59
tests/unit/segment-drag-session.test.ts	28aaff4262aa5f02dea6df6d5c58c987b61b64749e7d0ea159f48b62ba5e45e8
tests/unit/segment-extraction.test.ts	1ead57d47d4c94410021d651c22ebcb213fc56649710146ccdb297a20628e036
tests/unit/segment-persistence-history.test.ts	f75969654c92172086acbcf51784cb2bad0be016ae5a7fcedd265da861d87dcf
tests/unit/segment-symmetry.test.ts	d45ecb11f03976a260be13904489d9cbb3cf43e9094671aa1d5ca2f0bf4ee0af
tests/unit/terminal-policy.test.ts	4ab085c6f95be762bed739f78a0cfb5d184a9f57af112d3698f0072833f43159
tests/visual-baselines/README.md	ba298219af09bb5f13f786e84e482df6fd0dd3a263ba482fa3786864267cd417
tests/visual-baselines/SEG-VIS-004-horizontal-drag.png	9eb43054c40e3a52addc7f14ec22b052caf3b76c31b1bd652dbd422f3663e5c8
tests/visual-baselines/SEG-VIS-009-after-drop.png	1b9fc9985725db9bc1d4f4764f79494c3fde76ead7a69ae6e6491406db0abf6b
tsconfig.json	27573e4f0e6b6876f1d795ea995fb0194f882c5479a47be3b0148be5f32aec0e
visual.html	d50f85fa5e7528770c46e073a966b4dccb00594a634db6c76959ee8e2cd53036
vite.config.ts	65a5632576759c50ac99003921631ad3edfe811777fd7472847079da6277ca88
vitest.config.ts	73ee105916eda791783900331e1cf295761374d66ee5b4c090bbfb42b5100be1
